Transaction_ID,Customer_ID,Transaction_Date,Store_ID,Product_Category,Amount,Quantity,Promotion_Applied
T20000,C1011,2024-11-11,S106,Bakery,249.6,7,Yes
T20001,C1079,2025-05-26,S105,Beverages,431.22,6,Yes
T20002,C1215,2024-08-09,S101,Beverages,233.28,7,No
T20003,C1263,2024-08-26,S108,Beverages,470.27,8,No
T20004,C1148,2025-01-02,S103,Electronics,254.48,6,Yes
T20005,C1080,2024-07-05,S106,Grocery,474.85,3,No
T20006,C1214,2025-01-25,S103,Bakery,417.25,2,Yes
T20007,C1197,2024-09-27,S107,Electronics,184.4,7,Yes
T20008,C1199,2025-06-07,S107,Clothing,432.5,1,No
T20009,C1024,2025-06-09,S109,Bakery,59.48,3,Yes
T20010,C1088,2025-03-17,S105,Bakery,462.9,4,No
T20011,C1267,2024-06-28,S108,Bakery,317.66,1,No
T20012,C1142,2024-08-15,S110,Beverages,31.92,5,No
T20013,C1058,2025-05-31,S110,Bakery,323.91,10,Yes
T20014,C1025,2025-04-28,S108,Grocery,487.25,3,No
T20015,C1046,2024-08-23,S101,Bakery,39.55,2,Yes
T20016,C1287,2024-12-21,S105,Beverages,279.57,3,No
T20017,C1265,2024-07-29,S103,Bakery,375.16,8,No
T20018,C1015,2025-06-02,S101,Clothing,406.08,6,Yes
T20019,C1198,2024-10-20,S104,Clothing,209.84,7,No
T20020,C1281,2025-04-24,S108,Beverages,106.06,6,No
T20021,C1085,2025-03-01,S103,Grocery,25.96,6,Yes
T20022,C1249,2024-11-04,S110,Grocery,291.96,3,Yes
T20023,C1269,2025-01-15,S102,Electronics,229.19,8,Yes
T20024,C1116,2024-09-22,S109,Beverages,474.63,7,No
T20025,C1006,2025-04-13,S110,Bakery,35.0,7,Yes
T20026,C1136,2024-11-12,S105,Beverages,344.27,6,Yes
T20027,C1175,2024-07-08,S107,Electronics,17.36,5,No
T20028,C1214,2024-11-27,S102,Beverages,89.86,10,Yes
T20029,C1081,2025-01-17,S109,Beverages,229.52,8,No
T20030,C1222,2024-10-22,S109,Electronics,230.16,5,No
T20031,C1102,2024-07-04,S104,Grocery,344.42,9,Yes
T20032,C1272,2024-10-24,S104,Bakery,455.56,9,No
T20033,C1013,2024-09-01,S106,Electronics,321.32,1,Yes
T20034,C1158,2025-05-24,S110,Clothing,477.0,6,Yes
T20035,C1151,2025-04-11,S110,Grocery,441.4,7,Yes
T20036,C1107,2025-05-22,S110,Clothing,294.33,3,Yes
T20037,C1187,2024-10-21,S106,Grocery,417.73,7,No
T20038,C1097,2024-07-01,S101,Bakery,323.08,7,No
T20039,C1130,2024-12-03,S109,Bakery,43.89,2,Yes
T20040,C1292,2024-08-17,S102,Beverages,371.58,7,Yes
T20041,C1170,2024-10-10,S105,Clothing,51.98,1,No
T20042,C1182,2025-06-15,S109,Grocery,299.07,5,Yes
T20043,C1038,2025-04-27,S104,Bakery,352.81,9,No
T20044,C1014,2024-12-23,S103,Electronics,37.93,7,Yes
T20045,C1003,2025-03-20,S107,Bakery,119.24,7,No
T20046,C1209,2025-04-10,S106,Electronics,458.26,2,No
T20047,C1160,2025-04-30,S108,Grocery,310.08,8,No
T20048,C1015,2024-10-15,S103,Bakery,126.91,3,Yes
T20049,C1107,2025-02-18,S105,Bakery,346.89,8,Yes
T20050,C1226,2025-04-10,S110,Grocery,300.4,3,Yes
T20051,C1169,2025-01-11,S104,Bakery,253.28,10,Yes
T20052,C1033,2024-08-18,S104,Electronics,488.21,7,Yes
T20053,C1250,2025-01-04,S104,Bakery,343.31,2,No
T20054,C1246,2025-05-04,S110,Clothing,190.84,4,No
T20055,C1268,2024-09-16,S108,Beverages,401.04,6,No
T20056,C1140,2024-08-04,S106,Electronics,442.87,9,No
T20057,C1273,2024-10-08,S103,Clothing,66.98,5,No
T20058,C1095,2024-08-02,S110,Grocery,104.27,9,No
T20059,C1226,2025-05-28,S105,Electronics,112.03,5,No
T20060,C1038,2024-08-26,S106,Beverages,347.15,10,Yes
T20061,C1028,2025-01-01,S105,Beverages,303.5,8,No
T20062,C1244,2025-04-24,S106,Grocery,311.4,1,Yes
T20063,C1235,2025-01-11,S108,Grocery,470.68,7,No
T20064,C1184,2024-11-29,S107,Electronics,389.08,4,No
T20065,C1271,2025-06-24,S105,Bakery,68.33,5,Yes
T20066,C1235,2024-09-17,S110,Grocery,177.02,6,No
T20067,C1238,2025-02-18,S106,Bakery,220.52,5,Yes
T20068,C1265,2024-08-23,S104,Clothing,201.0,1,No
T20069,C1064,2025-06-14,S109,Beverages,336.31,9,Yes
T20070,C1176,2024-12-11,S104,Bakery,446.49,2,No
T20071,C1002,2025-01-18,S101,Beverages,156.5,9,Yes
T20072,C1141,2024-07-03,S107,Bakery,278.18,10,Yes
T20073,C1157,2025-04-08,S107,Clothing,395.76,2,No
T20074,C1145,2025-01-09,S104,Grocery,211.03,9,No
T20075,C1292,2024-10-10,S103,Clothing,88.22,6,Yes
T20076,C1152,2024-12-08,S108,Grocery,240.1,9,No
T20077,C1192,2024-10-26,S105,Grocery,32.34,6,Yes
T20078,C1072,2025-04-25,S110,Beverages,471.48,6,No
T20079,C1139,2025-02-11,S107,Clothing,42.04,2,Yes
T20080,C1186,2024-11-16,S104,Bakery,222.04,8,No
T20081,C1292,2024-09-15,S104,Clothing,267.29,3,Yes
T20082,C1060,2025-02-07,S108,Beverages,492.73,7,No
T20083,C1197,2024-12-05,S108,Grocery,87.18,5,Yes
T20084,C1294,2025-01-15,S102,Beverages,61.64,3,Yes
T20085,C1010,2024-12-06,S102,Electronics,9.31,1,No
T20086,C1061,2024-10-19,S103,Electronics,82.01,8,No
T20087,C1225,2025-01-10,S103,Bakery,107.6,3,Yes
T20088,C1152,2024-07-21,S101,Beverages,317.14,2,Yes
T20089,C1198,2025-03-17,S103,Bakery,113.75,1,Yes
T20090,C1051,2024-11-11,S106,Bakery,15.16,4,Yes
T20091,C1259,2025-03-12,S108,Electronics,414.18,8,No
T20092,C1058,2024-08-11,S110,Bakery,185.97,3,Yes
T20093,C1071,2024-10-08,S106,Electronics,180.08,1,Yes
T20094,C1147,2025-02-07,S105,Grocery,154.73,4,Yes
T20095,C1062,2024-11-23,S104,Beverages,487.81,9,No
T20096,C1242,2025-01-23,S103,Bakery,89.21,1,Yes
T20097,C1106,2025-02-10,S104,Electronics,449.63,2,No
T20098,C1225,2024-10-06,S107,Clothing,389.52,9,No
T20099,C1217,2024-07-03,S101,Bakery,42.86,2,No
T20100,C1240,2025-04-02,S107,Grocery,493.43,3,No
T20101,C1258,2024-08-19,S101,Grocery,139.33,7,No
T20102,C1261,2024-08-11,S102,Clothing,53.8,3,No
T20103,C1004,2025-06-05,S104,Electronics,415.51,9,No
T20104,C1260,2024-11-12,S101,Bakery,354.8,6,Yes
T20105,C1053,2025-03-27,S109,Electronics,310.52,3,Yes
T20106,C1046,2024-06-24,S106,Grocery,82.21,9,No
T20107,C1214,2024-09-18,S101,Electronics,241.86,1,Yes
T20108,C1176,2024-07-12,S101,Grocery,391.38,10,Yes
T20109,C1008,2024-09-17,S106,Electronics,155.29,3,No
T20110,C1098,2025-06-11,S104,Clothing,159.29,1,Yes
T20111,C1019,2024-12-15,S104,Beverages,6.55,2,No
T20112,C1240,2025-06-09,S106,Clothing,91.25,8,Yes
T20113,C1060,2024-07-08,S107,Clothing,438.33,7,No
T20114,C1177,2025-05-01,S109,Beverages,223.66,2,No
T20115,C1061,2025-02-02,S110,Beverages,492.2,2,Yes
T20116,C1144,2024-11-19,S105,Bakery,200.88,9,Yes
T20117,C1215,2024-07-28,S109,Bakery,359.02,6,No
T20118,C1002,2025-05-17,S104,Clothing,144.55,5,No
T20119,C1159,2024-11-12,S110,Clothing,185.09,10,No
T20120,C1226,2025-03-23,S102,Grocery,99.41,6,Yes
T20121,C1268,2025-02-09,S103,Grocery,176.8,9,Yes
T20122,C1119,2025-01-10,S101,Bakery,275.88,7,Yes
T20123,C1088,2024-07-06,S106,Bakery,495.93,10,Yes
T20124,C1067,2024-08-25,S106,Grocery,333.78,10,No
T20125,C1097,2024-07-21,S101,Grocery,103.63,9,No
T20126,C1266,2024-07-05,S103,Electronics,27.26,4,No
T20127,C1104,2024-10-08,S105,Electronics,67.55,2,No
T20128,C1122,2025-04-30,S103,Grocery,283.46,8,Yes
T20129,C1028,2024-09-12,S110,Electronics,383.75,4,No
T20130,C1136,2025-06-22,S103,Beverages,470.51,9,No
T20131,C1194,2024-12-15,S110,Bakery,12.83,4,Yes
T20132,C1225,2024-08-01,S103,Bakery,263.77,8,Yes
T20133,C1169,2024-10-17,S105,Grocery,238.08,9,No
T20134,C1008,2025-05-24,S105,Clothing,329.75,9,Yes
T20135,C1039,2025-04-20,S104,Grocery,281.99,10,No
T20136,C1024,2024-11-21,S101,Electronics,345.08,4,Yes
T20137,C1260,2024-08-20,S105,Clothing,330.75,1,Yes
T20138,C1225,2024-09-21,S110,Electronics,62.92,3,No
T20139,C1123,2025-03-17,S105,Beverages,400.86,9,Yes
T20140,C1037,2024-09-10,S104,Electronics,66.0,4,No
T20141,C1250,2025-05-01,S106,Beverages,350.77,5,Yes
T20142,C1175,2025-03-31,S110,Beverages,210.99,7,Yes
T20143,C1089,2024-07-26,S104,Electronics,259.36,5,Yes
T20144,C1036,2024-07-30,S107,Electronics,452.13,4,Yes
T20145,C1175,2024-09-16,S107,Beverages,445.49,2,Yes
T20146,C1283,2025-03-26,S102,Clothing,409.84,2,No
T20147,C1080,2025-03-13,S103,Beverages,257.52,4,Yes
T20148,C1113,2024-07-26,S101,Bakery,369.44,10,No
T20149,C1039,2025-05-27,S108,Beverages,258.88,10,Yes
T20150,C1223,2025-02-07,S109,Clothing,435.46,9,No
T20151,C1114,2025-06-04,S104,Bakery,204.37,8,Yes
T20152,C1185,2024-07-23,S106,Grocery,485.27,3,No
T20153,C1055,2024-08-08,S109,Grocery,466.5,9,No
T20154,C1039,2024-12-19,S106,Clothing,372.09,5,Yes
T20155,C1039,2024-10-11,S109,Beverages,143.31,3,Yes
T20156,C1236,2025-05-20,S104,Electronics,70.17,5,Yes
T20157,C1288,2024-06-25,S108,Clothing,428.08,10,No
T20158,C1261,2025-03-17,S109,Bakery,86.82,4,No
T20159,C1215,2024-09-15,S104,Bakery,427.86,8,Yes
T20160,C1146,2025-03-13,S105,Grocery,247.93,5,Yes
T20161,C1167,2024-09-13,S108,Bakery,206.25,10,No
T20162,C1091,2024-07-02,S110,Clothing,452.08,8,No
T20163,C1058,2024-10-22,S106,Bakery,303.91,9,Yes
T20164,C1058,2024-11-11,S107,Clothing,290.42,4,No
T20165,C1168,2025-05-16,S103,Electronics,281.59,7,Yes
T20166,C1268,2024-11-26,S107,Grocery,188.73,2,Yes
T20167,C1044,2024-10-22,S108,Bakery,393.89,6,Yes
T20168,C1180,2024-12-25,S110,Clothing,130.14,8,No
T20169,C1169,2024-07-06,S106,Beverages,469.75,7,No
T20170,C1190,2025-05-08,S110,Grocery,447.52,7,No
T20171,C1154,2025-03-02,S109,Electronics,172.05,8,No
T20172,C1187,2024-11-18,S106,Clothing,366.08,7,Yes
T20173,C1006,2024-09-24,S109,Electronics,288.75,5,No
T20174,C1132,2025-02-11,S104,Electronics,172.14,7,Yes
T20175,C1234,2024-09-05,S108,Bakery,494.32,10,Yes
T20176,C1044,2024-11-12,S104,Bakery,17.49,3,Yes
T20177,C1248,2024-10-09,S102,Clothing,130.06,5,No
T20178,C1030,2025-01-10,S110,Beverages,262.44,7,Yes
T20179,C1022,2025-03-10,S109,Clothing,263.37,9,Yes
T20180,C1159,2024-12-27,S105,Beverages,296.52,2,No
T20181,C1157,2024-12-25,S104,Electronics,377.08,4,Yes
T20182,C1038,2025-05-28,S102,Grocery,313.62,7,No
T20183,C1081,2025-02-17,S101,Clothing,302.14,1,No
T20184,C1257,2025-01-31,S107,Clothing,31.49,2,No
T20185,C1205,2025-05-31,S106,Beverages,191.38,9,Yes
T20186,C1076,2025-04-20,S102,Electronics,119.87,10,No
T20187,C1011,2025-02-22,S108,Electronics,136.36,7,No
T20188,C1294,2025-06-08,S104,Beverages,279.4,10,No
T20189,C1223,2024-08-29,S108,Electronics,103.76,7,No
T20190,C1012,2025-03-06,S107,Bakery,150.5,6,Yes
T20191,C1045,2024-10-04,S105,Grocery,122.36,3,No
T20192,C1154,2024-11-23,S110,Clothing,474.51,10,Yes
T20193,C1112,2024-08-11,S110,Grocery,472.61,3,No
T20194,C1232,2025-03-16,S108,Clothing,306.92,2,Yes
T20195,C1016,2024-10-29,S109,Bakery,462.64,6,No
T20196,C1222,2025-06-22,S105,Electronics,393.98,4,Yes
T20197,C1187,2025-03-30,S110,Beverages,297.02,5,No
T20198,C1162,2024-12-25,S105,Bakery,8.19,3,Yes
T20199,C1073,2024-12-11,S102,Grocery,387.4,6,Yes
T20200,C1232,2025-05-13,S105,Beverages,352.73,3,Yes
T20201,C1223,2024-09-09,S103,Electronics,309.55,8,No
T20202,C1059,2025-05-16,S107,Bakery,381.41,9,Yes
T20203,C1221,2024-08-31,S110,Beverages,258.9,4,Yes
T20204,C1036,2025-03-07,S105,Bakery,353.52,9,Yes
T20205,C1277,2024-08-15,S108,Bakery,467.91,7,Yes
T20206,C1195,2025-03-22,S101,Electronics,191.02,3,No
T20207,C1241,2024-11-17,S103,Clothing,355.52,7,Yes
T20208,C1218,2025-02-24,S103,Beverages,240.47,1,Yes
T20209,C1191,2024-07-02,S109,Electronics,338.83,3,Yes
T20210,C1016,2025-04-27,S105,Bakery,382.63,6,No
T20211,C1011,2025-03-24,S109,Electronics,27.5,4,Yes
T20212,C1192,2025-01-16,S109,Clothing,325.07,7,Yes
T20213,C1021,2025-03-28,S101,Beverages,117.24,3,Yes
T20214,C1119,2024-12-12,S102,Clothing,336.67,1,Yes
T20215,C1209,2024-09-12,S105,Grocery,236.82,9,No
T20216,C1269,2024-07-17,S104,Beverages,387.91,6,Yes
T20217,C1191,2024-09-21,S110,Clothing,66.08,8,Yes
T20218,C1174,2024-08-09,S109,Bakery,315.03,3,No
T20219,C1284,2025-02-21,S107,Beverages,142.84,8,No
T20220,C1203,2024-11-24,S106,Beverages,427.23,2,No
T20221,C1163,2024-12-15,S107,Electronics,464.55,4,Yes
T20222,C1250,2025-01-07,S101,Bakery,498.22,3,No
T20223,C1226,2024-07-12,S101,Grocery,399.02,10,Yes
T20224,C1006,2024-07-16,S108,Clothing,378.1,1,No
T20225,C1028,2025-06-05,S102,Electronics,111.67,7,Yes
T20226,C1032,2024-12-27,S110,Clothing,171.32,10,No
T20227,C1133,2025-03-03,S109,Grocery,235.51,2,Yes
T20228,C1078,2025-02-28,S107,Grocery,387.82,4,No
T20229,C1057,2024-10-21,S106,Beverages,457.91,9,Yes
T20230,C1025,2025-02-28,S101,Grocery,98.62,6,Yes
T20231,C1225,2025-04-19,S101,Clothing,461.57,8,Yes
T20232,C1284,2025-05-13,S102,Bakery,349.33,2,Yes
T20233,C1003,2024-11-14,S106,Bakery,307.33,7,Yes
T20234,C1098,2025-01-04,S106,Beverages,103.92,6,Yes
T20235,C1038,2024-07-25,S102,Clothing,32.48,9,Yes
T20236,C1270,2024-11-06,S101,Clothing,286.39,7,Yes
T20237,C1284,2025-06-06,S110,Grocery,327.5,1,No
T20238,C1156,2024-08-19,S105,Clothing,109.34,8,Yes
T20239,C1074,2024-07-21,S105,Electronics,280.45,10,Yes
T20240,C1287,2024-11-29,S102,Grocery,428.96,3,No
T20241,C1129,2025-01-25,S106,Electronics,418.36,2,Yes
T20242,C1174,2025-06-22,S109,Beverages,464.04,3,No
T20243,C1083,2025-03-29,S102,Bakery,186.11,6,Yes
T20244,C1021,2025-06-10,S110,Beverages,162.43,3,No
T20245,C1026,2024-10-27,S102,Bakery,375.97,10,No
T20246,C1194,2024-08-07,S103,Beverages,218.4,5,Yes
T20247,C1235,2024-06-25,S107,Clothing,48.34,6,No
T20248,C1091,2024-12-21,S106,Electronics,144.99,8,Yes
T20249,C1020,2025-02-19,S108,Bakery,212.2,7,Yes
T20250,C1083,2025-01-01,S108,Grocery,149.8,8,Yes
T20251,C1261,2025-04-08,S106,Electronics,169.44,3,Yes
T20252,C1146,2024-11-02,S110,Grocery,150.42,4,No
T20253,C1256,2024-09-19,S103,Electronics,25.54,6,Yes
T20254,C1057,2024-07-10,S103,Electronics,320.36,7,No
T20255,C1014,2024-12-12,S101,Beverages,300.66,9,No
T20256,C1161,2024-09-21,S107,Bakery,328.42,1,Yes
T20257,C1162,2025-01-12,S105,Bakery,100.19,8,Yes
T20258,C1280,2025-04-22,S104,Electronics,151.35,8,Yes
T20259,C1279,2024-11-12,S110,Clothing,311.71,6,Yes
T20260,C1011,2025-01-15,S104,Clothing,301.82,4,No
T20261,C1273,2024-11-05,S104,Grocery,255.63,3,Yes
T20262,C1270,2025-05-28,S106,Grocery,178.45,3,No
T20263,C1207,2024-09-12,S108,Beverages,456.9,6,Yes
T20264,C1026,2024-07-25,S108,Electronics,173.19,8,Yes
T20265,C1071,2025-06-12,S105,Grocery,230.53,7,Yes
T20266,C1059,2025-05-28,S106,Grocery,340.67,1,Yes
T20267,C1144,2024-10-25,S104,Electronics,273.8,6,No
T20268,C1092,2025-01-30,S109,Beverages,176.71,7,No
T20269,C1007,2024-06-27,S108,Grocery,220.64,7,Yes
T20270,C1078,2025-04-12,S110,Beverages,398.27,9,No
T20271,C1026,2024-09-27,S110,Bakery,142.67,10,No
T20272,C1173,2025-05-20,S101,Beverages,75.42,5,Yes
T20273,C1049,2025-02-24,S102,Clothing,160.02,1,Yes
T20274,C1198,2025-04-28,S109,Clothing,425.52,2,No
T20275,C1180,2025-04-15,S108,Beverages,49.05,4,No
T20276,C1023,2025-06-17,S103,Clothing,495.89,5,No
T20277,C1045,2024-07-07,S108,Bakery,272.8,9,No
T20278,C1014,2025-06-07,S101,Electronics,492.5,1,Yes
T20279,C1152,2024-10-09,S110,Clothing,469.8,3,Yes
T20280,C1221,2025-06-19,S104,Clothing,229.14,5,No
T20281,C1205,2024-07-09,S103,Beverages,103.25,3,Yes
T20282,C1272,2024-10-04,S106,Bakery,86.62,4,No
T20283,C1235,2025-06-21,S107,Electronics,123.79,3,No
T20284,C1227,2024-08-30,S104,Beverages,356.52,4,Yes
T20285,C1008,2024-10-05,S107,Beverages,140.11,1,No
T20286,C1165,2024-11-01,S109,Bakery,174.01,8,No
T20287,C1213,2025-05-26,S102,Electronics,227.15,4,Yes
T20288,C1116,2025-01-25,S103,Bakery,457.05,7,Yes
T20289,C1071,2024-07-30,S105,Electronics,98.75,2,No
T20290,C1063,2024-10-12,S103,Bakery,7.49,2,No
T20291,C1204,2024-11-13,S108,Beverages,34.75,6,Yes
T20292,C1208,2025-06-04,S110,Beverages,452.86,2,No
T20293,C1071,2025-04-22,S108,Grocery,325.52,6,No
T20294,C1276,2025-04-22,S108,Clothing,140.16,2,Yes
T20295,C1273,2025-04-12,S109,Bakery,92.71,4,Yes
T20296,C1094,2024-09-23,S104,Grocery,150.66,7,Yes
T20297,C1165,2025-04-01,S105,Clothing,61.82,8,Yes
T20298,C1031,2024-11-24,S105,Bakery,471.06,3,Yes
T20299,C1010,2024-10-07,S108,Electronics,393.18,9,Yes
T20300,C1216,2024-07-17,S107,Clothing,233.88,2,No
T20301,C1288,2025-01-10,S109,Beverages,433.16,8,No
T20302,C1101,2024-07-19,S108,Grocery,128.48,8,Yes
T20303,C1266,2025-05-16,S102,Clothing,359.97,4,Yes
T20304,C1213,2025-02-28,S110,Clothing,428.79,1,No
T20305,C1178,2024-07-09,S104,Beverages,181.6,1,No
T20306,C1087,2024-10-11,S106,Bakery,379.94,2,No
T20307,C1040,2025-03-16,S102,Electronics,151.06,9,Yes
T20308,C1075,2025-02-17,S107,Beverages,152.93,2,Yes
T20309,C1045,2025-01-30,S103,Electronics,57.99,2,No
T20310,C1159,2024-07-01,S103,Bakery,222.83,6,Yes
T20311,C1079,2025-05-26,S102,Clothing,366.21,7,Yes
T20312,C1085,2025-05-04,S108,Electronics,470.41,7,Yes
T20313,C1091,2024-08-02,S106,Grocery,303.88,9,No
T20314,C1147,2025-06-15,S101,Grocery,432.25,6,No
T20315,C1160,2025-03-04,S101,Beverages,412.13,8,Yes
T20316,C1201,2025-03-30,S107,Bakery,90.8,6,Yes
T20317,C1241,2025-02-18,S108,Beverages,245.48,2,Yes
T20318,C1001,2024-07-02,S105,Beverages,62.88,1,Yes
T20319,C1224,2024-10-12,S105,Beverages,342.67,5,Yes
T20320,C1288,2025-02-03,S104,Grocery,475.2,9,No
T20321,C1232,2024-11-25,S106,Grocery,72.86,8,Yes
T20322,C1076,2025-05-08,S106,Beverages,368.27,4,Yes
T20323,C1115,2024-12-23,S103,Grocery,317.96,5,Yes
T20324,C1153,2025-05-27,S109,Bakery,293.88,5,No
T20325,C1102,2024-06-25,S107,Beverages,198.11,6,No
T20326,C1193,2024-07-27,S101,Grocery,180.79,3,Yes
T20327,C1165,2024-12-17,S107,Electronics,27.4,5,No
T20328,C1089,2024-06-27,S105,Beverages,112.86,2,No
T20329,C1173,2024-10-02,S105,Beverages,12.51,10,No
T20330,C1121,2024-08-29,S102,Bakery,292.8,1,No
T20331,C1142,2025-04-03,S104,Clothing,57.4,1,No
T20332,C1105,2024-10-07,S106,Clothing,437.14,10,No
T20333,C1122,2024-07-28,S110,Bakery,263.96,7,Yes
T20334,C1008,2024-11-12,S107,Bakery,351.35,2,No
T20335,C1261,2024-07-03,S105,Bakery,208.37,4,No
T20336,C1072,2024-07-01,S109,Clothing,282.49,5,Yes
T20337,C1222,2025-01-20,S103,Bakery,471.62,7,Yes
T20338,C1040,2024-07-30,S101,Grocery,45.95,2,Yes
T20339,C1203,2024-10-13,S104,Beverages,130.7,6,Yes
T20340,C1263,2025-01-14,S109,Beverages,391.09,1,No
T20341,C1177,2024-09-04,S104,Electronics,53.87,7,No
T20342,C1083,2024-10-29,S102,Electronics,42.45,9,No
T20343,C1110,2024-12-07,S110,Beverages,183.96,5,No
T20344,C1250,2025-06-20,S105,Grocery,50.62,5,Yes
T20345,C1006,2024-10-30,S103,Clothing,294.61,4,No
T20346,C1083,2025-06-23,S109,Clothing,117.01,3,No
T20347,C1207,2025-04-18,S104,Grocery,448.37,9,Yes
T20348,C1021,2025-06-19,S106,Clothing,392.83,5,No
T20349,C1002,2025-03-21,S102,Bakery,351.35,8,No
T20350,C1126,2025-02-16,S106,Beverages,310.39,9,No
T20351,C1296,2024-12-26,S103,Beverages,432.42,5,No
T20352,C1187,2025-03-23,S109,Grocery,115.42,10,Yes
T20353,C1013,2024-09-06,S102,Clothing,437.19,9,Yes
T20354,C1011,2024-08-02,S109,Electronics,395.8,2,Yes
T20355,C1086,2024-12-12,S105,Electronics,375.34,9,Yes
T20356,C1011,2025-03-19,S108,Clothing,282.82,4,Yes
T20357,C1024,2025-04-25,S102,Electronics,126.89,6,No
T20358,C1242,2024-08-14,S106,Grocery,214.66,6,No
T20359,C1121,2024-12-01,S103,Grocery,397.82,6,Yes
T20360,C1146,2025-05-30,S110,Clothing,20.73,2,Yes
T20361,C1054,2025-06-16,S105,Electronics,392.12,7,Yes
T20362,C1237,2025-06-01,S108,Grocery,123.84,6,No
T20363,C1172,2025-03-30,S110,Grocery,76.43,1,Yes
T20364,C1220,2024-12-19,S101,Bakery,62.27,2,No
T20365,C1118,2024-11-03,S105,Bakery,18.49,7,No
T20366,C1182,2024-11-08,S103,Grocery,264.18,1,No
T20367,C1287,2025-04-22,S104,Clothing,113.04,1,No
T20368,C1299,2025-03-30,S102,Beverages,494.77,1,Yes
T20369,C1081,2025-01-25,S109,Beverages,289.35,8,No
T20370,C1210,2024-11-11,S103,Grocery,73.25,4,No
T20371,C1149,2024-08-10,S102,Grocery,345.94,4,Yes
T20372,C1036,2024-09-26,S110,Grocery,449.38,2,No
T20373,C1058,2024-11-06,S109,Clothing,373.86,1,No
T20374,C1130,2024-08-26,S107,Bakery,42.84,10,No
T20375,C1201,2025-06-20,S106,Grocery,448.46,9,Yes
T20376,C1242,2024-12-18,S101,Grocery,398.0,7,No
T20377,C1034,2024-11-15,S105,Electronics,83.36,4,No
T20378,C1092,2024-12-23,S103,Clothing,30.63,6,Yes
T20379,C1206,2024-10-11,S101,Grocery,280.87,2,Yes
T20380,C1212,2024-08-01,S104,Electronics,82.24,7,No
T20381,C1158,2025-02-20,S102,Beverages,418.12,2,No
T20382,C1023,2024-12-21,S102,Grocery,182.38,10,Yes
T20383,C1292,2025-04-25,S103,Grocery,456.88,8,No
T20384,C1003,2024-08-05,S108,Electronics,285.02,8,Yes
T20385,C1219,2025-03-16,S108,Clothing,95.42,1,No
T20386,C1019,2025-06-19,S107,Grocery,74.1,8,Yes
T20387,C1151,2025-04-09,S106,Beverages,290.35,2,No
T20388,C1049,2025-03-13,S109,Grocery,382.13,6,Yes
T20389,C1176,2024-07-21,S104,Beverages,391.85,1,Yes
T20390,C1095,2025-03-07,S101,Bakery,141.5,5,Yes
T20391,C1104,2025-06-23,S108,Bakery,106.1,7,Yes
T20392,C1249,2024-12-22,S107,Beverages,13.29,10,Yes
T20393,C1116,2025-01-23,S107,Clothing,341.2,1,No
T20394,C1227,2025-02-20,S103,Grocery,42.9,2,No
T20395,C1065,2024-10-15,S104,Grocery,213.28,7,Yes
T20396,C1261,2024-07-22,S110,Bakery,302.83,6,No
T20397,C1294,2025-01-27,S109,Beverages,468.87,3,No
T20398,C1242,2024-10-07,S106,Grocery,159.34,10,No
T20399,C1185,2025-01-06,S105,Grocery,128.64,2,No
T20400,C1245,2025-02-03,S103,Clothing,328.81,10,No
T20401,C1124,2024-09-21,S109,Electronics,311.52,4,No
T20402,C1267,2025-03-17,S105,Bakery,169.39,3,Yes
T20403,C1130,2025-04-22,S105,Bakery,464.41,7,No
T20404,C1236,2024-11-12,S104,Electronics,423.21,8,No
T20405,C1017,2024-06-29,S104,Grocery,115.87,2,No
T20406,C1039,2024-08-05,S101,Clothing,123.38,10,Yes
T20407,C1020,2024-08-25,S107,Clothing,258.59,7,No
T20408,C1224,2024-10-20,S109,Bakery,387.92,8,No
T20409,C1281,2025-04-21,S103,Clothing,26.8,6,No
T20410,C1007,2025-04-23,S102,Electronics,348.2,6,Yes
T20411,C1099,2025-06-06,S103,Grocery,325.88,10,No
T20412,C1239,2024-10-17,S101,Electronics,119.58,1,Yes
T20413,C1086,2025-03-10,S106,Beverages,342.27,4,No
T20414,C1297,2025-04-05,S107,Bakery,470.39,1,Yes
T20415,C1013,2025-04-21,S102,Clothing,28.16,4,Yes
T20416,C1001,2025-06-04,S108,Beverages,163.23,2,Yes
T20417,C1292,2025-01-17,S106,Clothing,221.9,5,No
T20418,C1040,2025-04-06,S104,Grocery,450.13,10,Yes
T20419,C1110,2025-01-27,S105,Grocery,481.32,9,Yes
T20420,C1013,2024-10-30,S108,Grocery,224.84,10,Yes
T20421,C1230,2025-03-08,S103,Clothing,376.26,3,Yes
T20422,C1083,2025-05-15,S103,Beverages,268.17,8,No
T20423,C1129,2025-06-12,S104,Grocery,271.2,3,No
T20424,C1230,2025-04-17,S101,Beverages,142.66,6,No
T20425,C1144,2025-01-07,S109,Clothing,112.39,4,No
T20426,C1027,2025-05-26,S108,Beverages,147.56,8,Yes
T20427,C1065,2024-09-07,S108,Clothing,280.38,6,No
T20428,C1162,2024-11-11,S110,Clothing,19.43,8,Yes
T20429,C1228,2024-12-24,S106,Bakery,454.09,1,No
T20430,C1260,2025-06-16,S107,Clothing,82.36,6,No
T20431,C1163,2025-05-07,S106,Clothing,113.94,1,No
T20432,C1286,2024-09-10,S109,Electronics,261.55,1,Yes
T20433,C1009,2025-02-21,S103,Grocery,356.51,8,No
T20434,C1194,2025-03-26,S103,Bakery,52.39,7,No
T20435,C1117,2024-09-27,S103,Bakery,162.26,3,No
T20436,C1269,2025-03-17,S110,Bakery,484.49,6,Yes
T20437,C1079,2024-10-25,S103,Electronics,134.86,9,No
T20438,C1092,2024-10-21,S109,Clothing,159.96,7,No
T20439,C1265,2025-01-06,S104,Grocery,419.07,3,Yes
T20440,C1256,2025-04-08,S107,Beverages,29.86,6,Yes
T20441,C1132,2025-05-28,S109,Clothing,234.98,4,No
T20442,C1275,2025-05-20,S107,Electronics,192.91,3,No
T20443,C1263,2025-06-17,S109,Clothing,161.71,9,No
T20444,C1170,2024-12-20,S103,Clothing,146.42,10,Yes
T20445,C1000,2024-12-12,S104,Electronics,50.23,2,Yes
T20446,C1063,2025-04-27,S108,Bakery,160.84,1,Yes
T20447,C1283,2025-04-01,S106,Bakery,26.31,2,No
T20448,C1120,2024-12-06,S105,Grocery,391.58,7,Yes
T20449,C1106,2025-02-14,S104,Grocery,202.12,10,No
T20450,C1174,2025-02-12,S108,Bakery,224.73,1,Yes
T20451,C1203,2024-12-14,S101,Beverages,447.33,6,Yes
T20452,C1164,2025-03-25,S109,Clothing,330.74,7,Yes
T20453,C1119,2025-03-30,S101,Beverages,8.99,9,No
T20454,C1043,2024-08-01,S108,Clothing,471.87,8,No
T20455,C1155,2025-04-25,S104,Bakery,122.39,6,No
T20456,C1206,2025-04-05,S109,Grocery,58.27,3,No
T20457,C1107,2024-10-24,S105,Grocery,385.22,8,Yes
T20458,C1250,2024-06-24,S103,Beverages,252.74,7,No
T20459,C1129,2024-12-17,S109,Grocery,219.72,3,Yes
T20460,C1292,2025-02-09,S109,Bakery,128.5,9,No
T20461,C1019,2025-03-13,S104,Beverages,276.0,2,No
T20462,C1281,2025-06-08,S104,Clothing,140.82,3,Yes
T20463,C1284,2025-06-19,S108,Grocery,451.28,2,Yes
T20464,C1000,2024-11-18,S102,Electronics,111.53,1,No
T20465,C1118,2024-07-24,S109,Grocery,442.76,4,No
T20466,C1034,2025-05-11,S106,Clothing,281.91,5,Yes
T20467,C1197,2025-01-23,S109,Beverages,415.1,6,Yes
T20468,C1244,2024-09-18,S108,Clothing,357.86,5,Yes
T20469,C1058,2024-12-17,S107,Electronics,349.86,1,Yes
T20470,C1160,2025-04-08,S101,Bakery,165.55,3,Yes
T20471,C1178,2025-02-04,S103,Grocery,120.78,1,No
T20472,C1205,2024-06-30,S102,Beverages,109.39,5,No
T20473,C1011,2024-09-11,S105,Bakery,429.31,5,No
T20474,C1275,2024-11-25,S105,Clothing,411.11,6,No
T20475,C1180,2024-12-19,S105,Beverages,223.08,8,Yes
T20476,C1241,2024-09-23,S104,Bakery,70.54,10,Yes
T20477,C1215,2024-07-06,S105,Beverages,194.21,1,Yes
T20478,C1250,2024-11-24,S103,Electronics,311.58,4,No
T20479,C1298,2024-12-12,S101,Electronics,229.93,10,Yes
T20480,C1125,2024-10-14,S105,Grocery,391.19,1,Yes
T20481,C1216,2024-06-25,S109,Grocery,498.82,9,No
T20482,C1284,2025-01-20,S109,Electronics,99.61,7,No
T20483,C1184,2025-04-02,S104,Beverages,232.53,7,No
T20484,C1038,2024-11-20,S103,Electronics,218.34,5,Yes
T20485,C1222,2025-01-30,S101,Grocery,155.72,7,Yes
T20486,C1183,2024-08-25,S102,Electronics,103.06,2,No
T20487,C1177,2024-10-04,S108,Electronics,37.52,4,No
T20488,C1293,2025-04-29,S101,Beverages,444.12,7,Yes
T20489,C1150,2024-10-08,S108,Bakery,212.83,3,No
T20490,C1125,2025-01-05,S107,Grocery,250.96,2,Yes
T20491,C1233,2025-04-19,S108,Beverages,458.89,10,No
T20492,C1007,2025-04-06,S106,Electronics,389.26,2,No
T20493,C1128,2024-08-27,S109,Electronics,69.6,1,No
T20494,C1263,2025-05-16,S103,Bakery,284.88,5,Yes
T20495,C1156,2025-05-31,S110,Grocery,223.91,6,Yes
T20496,C1004,2024-10-27,S104,Grocery,399.62,6,No
T20497,C1085,2024-06-28,S106,Clothing,363.5,9,Yes
T20498,C1174,2024-07-07,S108,Grocery,346.75,4,No
T20499,C1289,2025-05-11,S105,Bakery,173.57,1,No
T20500,C1192,2025-02-15,S103,Clothing,403.46,6,Yes
T20501,C1118,2024-11-01,S106,Clothing,30.93,5,Yes
T20502,C1217,2024-08-26,S104,Electronics,84.01,10,Yes
T20503,C1113,2024-11-28,S109,Electronics,171.13,6,Yes
T20504,C1144,2024-12-12,S103,Grocery,43.02,3,No
T20505,C1025,2025-02-23,S104,Clothing,121.32,2,Yes
T20506,C1135,2024-10-12,S107,Electronics,415.92,6,Yes
T20507,C1231,2024-08-27,S107,Bakery,474.38,1,No
T20508,C1075,2025-05-30,S104,Electronics,155.78,7,No
T20509,C1288,2025-05-18,S106,Electronics,135.94,7,No
T20510,C1000,2024-10-21,S103,Clothing,143.55,10,No
T20511,C1146,2025-05-18,S106,Clothing,142.47,7,Yes
T20512,C1286,2024-12-20,S102,Beverages,22.79,10,Yes
T20513,C1141,2025-05-17,S108,Bakery,463.82,1,No
T20514,C1052,2024-09-13,S102,Clothing,110.78,4,No
T20515,C1068,2025-02-16,S107,Grocery,212.9,7,Yes
T20516,C1089,2025-01-12,S109,Bakery,9.8,9,Yes
T20517,C1219,2025-05-25,S101,Bakery,429.69,5,Yes
T20518,C1191,2024-12-03,S108,Clothing,366.92,2,Yes
T20519,C1062,2025-01-16,S107,Bakery,473.64,7,Yes
T20520,C1072,2024-12-05,S106,Clothing,391.9,10,No
T20521,C1160,2025-02-02,S106,Electronics,160.28,1,No
T20522,C1168,2025-01-08,S106,Beverages,127.7,7,No
T20523,C1088,2025-05-16,S109,Electronics,350.37,6,No
T20524,C1175,2024-10-16,S102,Clothing,185.24,7,Yes
T20525,C1268,2024-12-05,S101,Clothing,285.28,10,No
T20526,C1072,2025-06-02,S106,Electronics,8.1,3,Yes
T20527,C1244,2024-11-09,S110,Grocery,35.63,3,Yes
T20528,C1076,2024-09-24,S108,Grocery,270.01,7,Yes
T20529,C1158,2024-12-20,S103,Grocery,285.21,2,Yes
T20530,C1097,2025-03-11,S110,Clothing,376.97,1,Yes
T20531,C1101,2024-08-23,S101,Bakery,70.32,9,Yes
T20532,C1131,2024-07-01,S109,Clothing,259.03,9,Yes
T20533,C1101,2024-08-31,S101,Bakery,101.25,7,No
T20534,C1018,2025-02-26,S103,Electronics,51.13,7,Yes
T20535,C1081,2025-05-04,S108,Beverages,208.2,3,No
T20536,C1278,2024-09-28,S103,Bakery,85.85,10,No
T20537,C1128,2024-08-02,S104,Grocery,114.78,2,Yes
T20538,C1088,2024-10-27,S108,Clothing,162.19,7,Yes
T20539,C1212,2025-02-07,S101,Electronics,133.4,9,No
T20540,C1142,2025-04-08,S106,Grocery,48.36,1,No
T20541,C1064,2024-08-15,S101,Electronics,49.51,4,No
T20542,C1075,2024-09-29,S101,Beverages,100.66,6,No
T20543,C1198,2024-08-06,S108,Clothing,30.03,7,Yes
T20544,C1142,2024-11-23,S104,Clothing,315.1,10,Yes
T20545,C1092,2024-06-25,S101,Beverages,147.23,7,Yes
T20546,C1223,2024-11-09,S110,Clothing,143.47,10,No
T20547,C1290,2024-08-29,S107,Bakery,169.34,2,Yes
T20548,C1101,2024-07-10,S105,Electronics,333.08,4,No
T20549,C1266,2025-02-23,S105,Grocery,435.96,5,Yes
T20550,C1109,2024-11-10,S101,Beverages,380.75,1,No
T20551,C1264,2024-09-26,S110,Bakery,365.13,1,Yes
T20552,C1002,2025-03-28,S106,Grocery,244.77,10,Yes
T20553,C1084,2025-01-04,S109,Grocery,348.43,3,No
T20554,C1281,2025-03-27,S109,Beverages,278.62,10,No
T20555,C1116,2024-10-06,S108,Bakery,112.04,3,No
T20556,C1220,2024-11-21,S105,Grocery,108.25,8,No
T20557,C1153,2025-06-09,S101,Grocery,151.71,9,No
T20558,C1152,2025-03-31,S109,Bakery,455.85,1,Yes
T20559,C1011,2024-09-10,S101,Clothing,275.97,2,No
T20560,C1132,2025-01-05,S108,Grocery,368.28,10,Yes
T20561,C1292,2025-01-16,S105,Electronics,176.55,2,Yes
T20562,C1299,2025-04-10,S103,Bakery,206.82,4,Yes
T20563,C1227,2024-10-08,S107,Grocery,67.15,2,Yes
T20564,C1270,2025-04-23,S107,Beverages,89.79,7,Yes
T20565,C1042,2025-06-17,S109,Electronics,414.54,9,No
T20566,C1020,2024-11-23,S107,Grocery,294.5,7,No
T20567,C1106,2024-10-02,S103,Electronics,172.08,6,Yes
T20568,C1116,2025-06-07,S101,Electronics,402.41,10,Yes
T20569,C1123,2024-11-24,S108,Clothing,127.03,1,No
T20570,C1280,2024-08-16,S103,Electronics,488.14,10,No
T20571,C1291,2024-12-13,S108,Clothing,175.68,9,Yes
T20572,C1202,2025-03-02,S108,Bakery,171.97,5,No
T20573,C1050,2025-06-15,S105,Clothing,159.4,5,No
T20574,C1270,2024-08-10,S101,Beverages,65.45,6,No
T20575,C1276,2024-12-26,S110,Grocery,60.01,9,Yes
T20576,C1140,2025-04-13,S107,Bakery,325.81,8,No
T20577,C1274,2024-12-08,S110,Bakery,438.18,8,Yes
T20578,C1289,2025-05-05,S105,Beverages,396.31,8,Yes
T20579,C1051,2024-10-26,S108,Clothing,74.85,1,Yes
T20580,C1026,2025-06-02,S109,Grocery,275.06,1,Yes
T20581,C1156,2024-10-16,S107,Clothing,57.27,8,Yes
T20582,C1238,2025-05-22,S107,Electronics,27.42,5,No
T20583,C1155,2025-01-01,S101,Clothing,329.91,9,Yes
T20584,C1290,2024-12-23,S104,Bakery,269.9,2,Yes
T20585,C1135,2024-12-25,S102,Grocery,45.6,9,Yes
T20586,C1143,2025-04-22,S102,Clothing,22.29,8,No
T20587,C1105,2025-04-30,S102,Grocery,494.93,9,No
T20588,C1157,2024-10-01,S104,Grocery,19.86,4,No
T20589,C1145,2025-06-06,S101,Electronics,225.04,1,No
T20590,C1001,2025-03-05,S104,Electronics,254.79,1,No
T20591,C1076,2024-11-07,S102,Bakery,63.05,5,No
T20592,C1131,2024-09-24,S105,Beverages,88.69,2,No
T20593,C1089,2025-03-18,S103,Grocery,179.14,8,Yes
T20594,C1262,2025-03-04,S108,Beverages,382.03,10,Yes
T20595,C1107,2025-06-22,S104,Bakery,256.01,5,No
T20596,C1073,2024-12-18,S101,Grocery,320.76,5,Yes
T20597,C1038,2025-01-10,S101,Grocery,492.66,2,Yes
T20598,C1158,2025-02-05,S110,Beverages,385.16,7,No
T20599,C1070,2024-07-27,S103,Clothing,220.01,8,Yes
T20600,C1240,2025-06-03,S109,Electronics,225.99,10,Yes
T20601,C1297,2024-09-10,S107,Clothing,311.29,1,No
T20602,C1035,2025-03-30,S102,Beverages,334.36,2,Yes
T20603,C1083,2024-12-17,S109,Electronics,252.85,10,No
T20604,C1262,2025-06-05,S110,Clothing,324.21,4,No
T20605,C1171,2025-01-29,S102,Electronics,16.65,5,Yes
T20606,C1172,2024-10-10,S103,Grocery,217.66,2,Yes
T20607,C1046,2025-02-22,S110,Clothing,143.07,1,Yes
T20608,C1140,2025-03-25,S102,Electronics,68.94,9,No
T20609,C1117,2025-06-11,S103,Electronics,54.28,1,No
T20610,C1276,2025-05-05,S106,Electronics,303.58,4,No
T20611,C1213,2025-05-03,S109,Clothing,264.18,2,Yes
T20612,C1219,2024-09-08,S109,Bakery,130.52,4,Yes
T20613,C1025,2024-08-05,S107,Clothing,238.12,8,No
T20614,C1008,2024-10-19,S103,Beverages,248.65,8,Yes
T20615,C1270,2024-08-14,S104,Clothing,101.53,9,Yes
T20616,C1009,2024-09-21,S106,Electronics,327.79,5,No
T20617,C1120,2025-06-19,S105,Grocery,391.56,7,No
T20618,C1124,2024-10-29,S102,Clothing,396.77,3,Yes
T20619,C1169,2024-07-05,S106,Clothing,303.22,10,No
T20620,C1071,2025-03-27,S103,Electronics,258.26,4,Yes
T20621,C1151,2025-05-12,S108,Grocery,35.2,10,No
T20622,C1207,2024-10-08,S102,Grocery,147.48,9,No
T20623,C1048,2024-07-17,S101,Beverages,51.17,10,No
T20624,C1153,2024-08-24,S109,Clothing,482.09,10,Yes
T20625,C1292,2024-11-05,S103,Grocery,71.86,1,Yes
T20626,C1067,2024-09-03,S101,Grocery,80.13,2,No
T20627,C1049,2025-03-20,S107,Bakery,445.34,5,No
T20628,C1151,2025-03-21,S110,Bakery,472.24,3,No
T20629,C1018,2025-02-17,S105,Grocery,384.09,2,Yes
T20630,C1099,2024-10-01,S105,Beverages,7.68,1,No
T20631,C1059,2025-04-17,S101,Grocery,5.67,10,No
T20632,C1166,2025-03-25,S109,Electronics,192.16,3,No
T20633,C1201,2025-05-06,S107,Clothing,75.98,1,No
T20634,C1145,2024-11-20,S108,Beverages,14.1,1,Yes
T20635,C1163,2025-03-12,S109,Electronics,234.71,1,Yes
T20636,C1241,2025-05-14,S106,Beverages,471.82,8,No
T20637,C1068,2025-06-04,S105,Electronics,165.29,3,Yes
T20638,C1174,2025-03-30,S106,Clothing,332.26,1,Yes
T20639,C1048,2024-09-04,S102,Clothing,327.86,7,Yes
T20640,C1107,2024-07-28,S104,Bakery,129.28,10,No
T20641,C1225,2024-08-06,S103,Electronics,326.96,3,Yes
T20642,C1160,2024-11-24,S107,Bakery,110.11,8,Yes
T20643,C1118,2025-02-25,S109,Electronics,65.39,4,Yes
T20644,C1148,2025-05-16,S105,Bakery,352.18,4,No
T20645,C1149,2025-02-26,S106,Clothing,61.15,5,No
T20646,C1292,2025-01-09,S110,Beverages,498.47,6,Yes
T20647,C1142,2024-06-30,S102,Bakery,95.81,7,Yes
T20648,C1159,2025-05-11,S103,Electronics,299.1,4,No
T20649,C1010,2024-08-12,S103,Electronics,208.63,8,No
T20650,C1137,2025-05-18,S109,Clothing,67.56,6,Yes
T20651,C1077,2025-03-04,S107,Electronics,18.78,1,Yes
T20652,C1076,2024-07-24,S108,Grocery,313.25,1,No
T20653,C1253,2024-08-15,S110,Beverages,404.34,9,No
T20654,C1257,2025-02-21,S109,Bakery,421.8,10,Yes
T20655,C1290,2025-01-13,S106,Beverages,243.94,6,No
T20656,C1262,2025-04-30,S104,Clothing,389.84,10,Yes
T20657,C1084,2024-11-29,S101,Bakery,338.06,8,Yes
T20658,C1145,2024-08-09,S108,Bakery,363.51,7,Yes
T20659,C1041,2025-05-07,S107,Grocery,248.84,6,No
T20660,C1124,2025-03-29,S102,Clothing,318.54,4,Yes
T20661,C1166,2024-09-30,S108,Electronics,403.74,7,Yes
T20662,C1240,2024-08-23,S105,Grocery,201.95,9,No
T20663,C1279,2025-02-22,S107,Grocery,403.96,10,No
T20664,C1187,2025-05-06,S104,Beverages,298.05,10,Yes
T20665,C1018,2024-12-07,S105,Beverages,87.12,7,Yes
T20666,C1067,2024-11-25,S108,Beverages,17.22,1,No
T20667,C1217,2024-12-01,S101,Grocery,184.56,10,No
T20668,C1101,2024-09-04,S101,Electronics,275.61,9,No
T20669,C1041,2025-03-02,S104,Bakery,420.71,4,Yes
T20670,C1287,2025-02-03,S103,Beverages,68.11,3,Yes
T20671,C1166,2025-02-15,S110,Electronics,401.1,4,Yes
T20672,C1108,2024-06-30,S102,Clothing,432.19,4,No
T20673,C1035,2024-12-17,S103,Beverages,79.59,10,Yes
T20674,C1231,2025-03-16,S101,Bakery,426.54,2,No
T20675,C1228,2025-05-24,S101,Clothing,495.77,1,Yes
T20676,C1163,2025-01-27,S106,Clothing,364.79,10,No
T20677,C1072,2025-01-01,S105,Bakery,393.46,1,Yes
T20678,C1135,2025-02-14,S108,Beverages,497.24,8,Yes
T20679,C1069,2025-02-22,S102,Grocery,304.71,2,No
T20680,C1195,2025-01-31,S104,Bakery,157.4,10,No
T20681,C1268,2024-09-19,S108,Bakery,419.58,5,Yes
T20682,C1048,2024-11-07,S106,Bakery,309.17,4,No
T20683,C1129,2025-02-08,S101,Clothing,292.69,8,No
T20684,C1004,2024-07-09,S104,Electronics,130.55,2,Yes
T20685,C1026,2025-01-23,S101,Grocery,379.39,10,No
T20686,C1159,2025-04-01,S102,Beverages,45.43,9,Yes
T20687,C1148,2025-01-09,S105,Beverages,462.52,7,Yes
T20688,C1263,2024-10-22,S108,Electronics,166.28,7,No
T20689,C1229,2024-10-09,S108,Bakery,68.25,1,No
T20690,C1199,2025-06-06,S103,Grocery,223.97,2,Yes
T20691,C1049,2024-10-25,S104,Beverages,26.02,4,Yes
T20692,C1066,2024-07-15,S110,Beverages,343.89,4,Yes
T20693,C1299,2025-02-08,S106,Bakery,451.84,3,Yes
T20694,C1057,2025-02-12,S110,Electronics,419.45,7,Yes
T20695,C1258,2025-03-10,S103,Grocery,68.05,8,Yes
T20696,C1129,2024-08-25,S102,Electronics,67.5,2,No
T20697,C1214,2025-02-01,S106,Electronics,407.65,4,No
T20698,C1171,2024-07-30,S105,Grocery,462.51,3,No
T20699,C1257,2024-12-22,S110,Grocery,233.03,2,Yes
T20700,C1101,2025-06-02,S105,Beverages,251.99,6,No
T20701,C1208,2025-02-07,S110,Beverages,162.54,4,Yes
T20702,C1290,2024-10-26,S105,Grocery,447.66,6,Yes
T20703,C1285,2025-02-24,S110,Clothing,324.23,2,No
T20704,C1115,2025-04-10,S105,Beverages,147.68,4,Yes
T20705,C1263,2024-10-26,S103,Clothing,152.9,6,Yes
T20706,C1149,2025-02-03,S107,Grocery,446.14,5,Yes
T20707,C1299,2025-01-22,S106,Beverages,11.75,3,Yes
T20708,C1035,2024-10-29,S104,Electronics,164.75,8,Yes
T20709,C1286,2024-10-03,S102,Grocery,279.41,7,Yes
T20710,C1207,2024-08-28,S109,Bakery,78.37,3,No
T20711,C1105,2024-06-26,S101,Clothing,50.59,6,Yes
T20712,C1157,2024-06-24,S104,Grocery,408.56,4,Yes
T20713,C1120,2025-03-20,S101,Grocery,447.73,5,Yes
T20714,C1054,2025-05-04,S106,Beverages,412.69,5,Yes
T20715,C1011,2024-10-25,S104,Beverages,449.9,7,No
T20716,C1144,2025-04-10,S105,Beverages,278.79,5,No
T20717,C1135,2024-08-10,S105,Bakery,407.07,3,Yes
T20718,C1002,2024-09-17,S109,Beverages,195.1,10,Yes
T20719,C1143,2025-03-27,S101,Grocery,334.8,5,Yes
T20720,C1029,2025-04-02,S102,Beverages,494.47,7,No
T20721,C1236,2024-09-22,S106,Electronics,116.74,5,No
T20722,C1278,2024-12-01,S105,Beverages,198.0,5,No
T20723,C1114,2024-11-11,S107,Bakery,242.62,9,No
T20724,C1103,2024-08-08,S103,Electronics,73.32,3,Yes
T20725,C1117,2025-02-03,S103,Grocery,45.11,6,No
T20726,C1004,2024-07-17,S110,Grocery,415.71,1,No
T20727,C1247,2024-11-08,S102,Clothing,488.51,10,Yes
T20728,C1120,2025-05-23,S103,Electronics,205.34,5,Yes
T20729,C1285,2024-09-06,S110,Clothing,48.39,8,No
T20730,C1148,2024-09-30,S101,Electronics,37.58,5,No
T20731,C1083,2025-01-28,S105,Electronics,446.2,9,No
T20732,C1230,2024-12-16,S105,Bakery,234.59,6,No
T20733,C1287,2024-11-25,S107,Clothing,163.41,8,Yes
T20734,C1160,2025-05-20,S104,Bakery,240.85,10,Yes
T20735,C1271,2024-07-26,S103,Electronics,162.56,8,No
T20736,C1037,2024-08-10,S101,Grocery,247.07,3,No
T20737,C1225,2024-09-24,S108,Electronics,430.48,7,No
T20738,C1141,2025-03-03,S103,Bakery,298.19,7,No
T20739,C1291,2025-01-07,S102,Clothing,348.85,10,No
T20740,C1150,2025-03-12,S104,Clothing,185.51,6,Yes
T20741,C1113,2025-03-15,S103,Bakery,370.56,7,Yes
T20742,C1236,2024-08-16,S101,Clothing,334.98,2,Yes
T20743,C1065,2025-05-17,S103,Beverages,64.18,9,No
T20744,C1257,2024-07-17,S102,Grocery,288.46,10,No
T20745,C1248,2025-05-21,S108,Grocery,132.09,10,Yes
T20746,C1179,2024-10-25,S106,Grocery,403.03,1,Yes
T20747,C1189,2025-06-24,S109,Clothing,215.84,1,No
T20748,C1153,2025-04-05,S108,Clothing,497.37,3,Yes
T20749,C1195,2025-05-09,S110,Electronics,50.79,3,No
T20750,C1261,2024-12-12,S103,Electronics,391.27,1,No
T20751,C1142,2025-04-12,S105,Grocery,338.48,7,Yes
T20752,C1100,2025-05-24,S107,Beverages,384.91,4,Yes
T20753,C1243,2025-05-09,S105,Electronics,157.23,10,Yes
T20754,C1011,2025-03-31,S108,Electronics,248.57,2,No
T20755,C1238,2025-04-08,S105,Clothing,399.27,10,No
T20756,C1048,2024-12-07,S101,Beverages,120.11,5,Yes
T20757,C1041,2024-11-25,S105,Grocery,116.89,6,No
T20758,C1165,2024-09-30,S104,Electronics,277.77,9,No
T20759,C1081,2024-10-11,S106,Beverages,264.16,4,No
T20760,C1290,2025-02-02,S103,Beverages,144.72,2,Yes
T20761,C1157,2025-03-22,S105,Grocery,152.55,5,No
T20762,C1215,2024-11-07,S102,Beverages,142.53,3,Yes
T20763,C1157,2024-10-25,S106,Beverages,386.9,2,Yes
T20764,C1133,2025-01-11,S106,Beverages,327.69,1,No
T20765,C1066,2025-04-05,S105,Electronics,417.05,10,Yes
T20766,C1006,2024-12-28,S106,Grocery,487.86,2,No
T20767,C1013,2024-08-25,S107,Beverages,239.71,6,Yes
T20768,C1072,2024-07-14,S105,Beverages,38.01,8,Yes
T20769,C1162,2024-08-11,S101,Electronics,28.81,3,No
T20770,C1065,2024-07-02,S108,Grocery,151.35,9,Yes
T20771,C1129,2024-11-09,S104,Clothing,466.61,9,Yes
T20772,C1205,2025-02-18,S109,Electronics,263.99,2,Yes
T20773,C1275,2025-03-16,S110,Grocery,139.53,8,No
T20774,C1255,2025-01-18,S106,Beverages,202.59,10,No
T20775,C1265,2025-05-17,S101,Grocery,301.3,5,Yes
T20776,C1024,2024-08-19,S103,Grocery,328.21,4,Yes
T20777,C1280,2024-07-22,S103,Grocery,81.19,10,Yes
T20778,C1252,2025-01-24,S110,Clothing,488.63,5,No
T20779,C1288,2024-07-19,S104,Grocery,274.66,4,No
T20780,C1163,2025-04-29,S106,Clothing,72.17,8,Yes
T20781,C1094,2024-12-04,S107,Beverages,447.35,4,No
T20782,C1269,2025-02-18,S110,Clothing,41.95,10,No
T20783,C1109,2024-10-29,S104,Beverages,454.33,6,No
T20784,C1237,2025-03-06,S106,Beverages,498.3,2,No
T20785,C1024,2024-09-13,S101,Clothing,351.71,5,Yes
T20786,C1140,2024-08-02,S108,Electronics,386.37,6,No
T20787,C1116,2025-05-23,S107,Bakery,171.96,5,No
T20788,C1024,2024-10-05,S109,Grocery,471.08,2,Yes
T20789,C1078,2025-05-09,S103,Bakery,267.21,7,Yes
T20790,C1067,2024-11-19,S102,Grocery,367.53,4,No
T20791,C1172,2024-07-07,S101,Grocery,462.43,8,No
T20792,C1011,2024-09-25,S103,Beverages,487.71,7,Yes
T20793,C1287,2024-12-18,S105,Grocery,417.44,7,Yes
T20794,C1127,2025-03-17,S102,Grocery,154.99,9,Yes
T20795,C1095,2025-02-27,S103,Clothing,483.44,1,No
T20796,C1091,2025-04-29,S104,Bakery,315.92,10,No
T20797,C1140,2024-12-06,S107,Clothing,465.67,6,Yes
T20798,C1030,2024-07-01,S103,Grocery,339.67,6,No
T20799,C1019,2024-12-14,S109,Beverages,157.08,6,Yes
T20800,C1145,2024-11-28,S108,Clothing,188.16,6,No
T20801,C1159,2024-10-24,S104,Clothing,277.48,10,Yes
T20802,C1042,2024-09-07,S101,Electronics,396.06,7,Yes
T20803,C1253,2025-05-17,S101,Grocery,162.4,10,No
T20804,C1129,2025-05-06,S101,Beverages,291.97,6,No
T20805,C1059,2024-07-23,S101,Clothing,176.08,1,No
T20806,C1150,2025-01-19,S108,Clothing,408.81,3,No
T20807,C1286,2024-10-02,S103,Beverages,236.03,2,No
T20808,C1004,2024-09-03,S106,Grocery,42.98,6,No
T20809,C1265,2024-09-16,S103,Electronics,87.2,8,Yes
T20810,C1129,2024-10-19,S105,Clothing,35.25,3,No
T20811,C1266,2025-05-27,S107,Electronics,252.15,10,Yes
T20812,C1177,2024-11-04,S102,Bakery,57.64,8,Yes
T20813,C1252,2025-01-14,S106,Grocery,61.5,8,No
T20814,C1055,2024-10-22,S106,Bakery,470.82,5,Yes
T20815,C1082,2024-09-13,S103,Bakery,436.96,8,Yes
T20816,C1098,2024-08-06,S106,Bakery,228.78,6,No
T20817,C1148,2024-10-11,S110,Grocery,492.97,5,No
T20818,C1155,2025-01-14,S110,Grocery,5.09,9,No
T20819,C1189,2024-11-15,S105,Beverages,308.92,7,Yes
T20820,C1262,2025-06-08,S102,Electronics,310.13,8,No
T20821,C1079,2025-02-16,S109,Electronics,231.43,1,No
T20822,C1251,2025-03-11,S108,Beverages,201.49,2,No
T20823,C1096,2024-10-29,S103,Beverages,230.41,8,No
T20824,C1259,2024-07-21,S108,Bakery,210.41,9,Yes
T20825,C1259,2025-03-05,S109,Beverages,366.59,4,No
T20826,C1102,2025-04-26,S103,Clothing,72.0,10,Yes
T20827,C1039,2024-11-12,S103,Electronics,102.83,10,No
T20828,C1272,2024-09-26,S102,Beverages,94.36,9,Yes
T20829,C1100,2024-10-16,S108,Clothing,134.92,4,Yes
T20830,C1220,2024-08-17,S110,Clothing,265.0,10,Yes
T20831,C1123,2024-07-02,S101,Clothing,60.05,10,No
T20832,C1230,2024-09-19,S108,Clothing,434.74,10,Yes
T20833,C1177,2025-03-06,S107,Bakery,152.19,9,No
T20834,C1062,2024-12-04,S107,Clothing,85.46,7,No
T20835,C1115,2024-12-07,S103,Bakery,339.43,2,No
T20836,C1190,2025-02-18,S101,Bakery,23.85,9,No
T20837,C1061,2025-04-23,S104,Clothing,311.88,4,No
T20838,C1255,2024-06-27,S109,Electronics,350.61,8,Yes
T20839,C1006,2025-03-10,S105,Clothing,111.38,7,No
T20840,C1154,2025-02-25,S101,Clothing,25.77,7,Yes
T20841,C1091,2024-10-23,S105,Clothing,185.0,8,Yes
T20842,C1013,2024-07-13,S108,Electronics,53.8,1,Yes
T20843,C1228,2024-07-16,S108,Grocery,62.66,5,Yes
T20844,C1085,2025-01-09,S105,Grocery,130.86,2,Yes
T20845,C1132,2024-12-07,S109,Bakery,151.26,2,Yes
T20846,C1182,2024-11-03,S101,Bakery,267.34,1,Yes
T20847,C1061,2024-10-20,S104,Electronics,340.8,5,No
T20848,C1218,2024-08-14,S103,Beverages,298.42,2,Yes
T20849,C1245,2024-08-03,S102,Grocery,78.44,4,No
T20850,C1229,2024-08-11,S108,Bakery,90.18,3,Yes
T20851,C1078,2025-03-16,S107,Grocery,439.99,3,Yes
T20852,C1148,2025-03-06,S109,Electronics,281.38,2,Yes
T20853,C1137,2025-02-25,S102,Electronics,435.62,6,Yes
T20854,C1064,2025-03-08,S104,Beverages,188.92,2,No
T20855,C1012,2025-06-09,S106,Beverages,309.13,8,No
T20856,C1212,2024-10-23,S103,Electronics,264.21,8,No
T20857,C1241,2025-02-08,S108,Bakery,162.97,5,Yes
T20858,C1212,2024-10-23,S103,Grocery,237.61,10,Yes
T20859,C1180,2024-11-28,S102,Clothing,253.73,7,Yes
T20860,C1172,2025-03-25,S103,Beverages,104.38,4,No
T20861,C1159,2025-04-23,S106,Clothing,160.93,1,Yes
T20862,C1163,2025-04-12,S102,Bakery,396.75,2,No
T20863,C1187,2024-09-26,S108,Beverages,458.32,10,No
T20864,C1190,2024-11-01,S101,Clothing,183.1,10,Yes
T20865,C1255,2024-07-01,S107,Bakery,156.95,4,Yes
T20866,C1182,2024-08-24,S102,Grocery,101.62,1,No
T20867,C1116,2025-01-27,S110,Bakery,340.85,8,No
T20868,C1281,2024-07-14,S106,Beverages,164.93,9,No
T20869,C1195,2024-11-20,S102,Electronics,493.94,4,Yes
T20870,C1033,2025-02-05,S102,Grocery,166.21,10,Yes
T20871,C1051,2025-06-03,S110,Clothing,200.1,3,Yes
T20872,C1111,2025-05-30,S108,Beverages,303.65,2,Yes
T20873,C1251,2024-08-11,S102,Electronics,401.83,5,Yes
T20874,C1081,2025-02-02,S107,Bakery,237.41,3,Yes
T20875,C1231,2025-03-04,S103,Electronics,214.21,10,No
T20876,C1226,2024-12-02,S108,Beverages,497.84,7,No
T20877,C1232,2024-06-28,S107,Beverages,10.19,6,No
T20878,C1220,2025-04-14,S108,Electronics,448.06,1,Yes
T20879,C1041,2025-04-10,S107,Bakery,78.82,8,No
T20880,C1020,2024-10-24,S106,Electronics,394.03,2,Yes
T20881,C1041,2025-05-13,S107,Beverages,310.88,5,Yes
T20882,C1112,2025-03-26,S105,Beverages,174.21,9,No
T20883,C1104,2025-03-10,S107,Clothing,437.57,8,Yes
T20884,C1191,2025-01-28,S101,Clothing,11.39,2,No
T20885,C1016,2024-08-12,S101,Grocery,117.21,9,No
T20886,C1119,2024-08-14,S109,Beverages,285.61,5,Yes
T20887,C1128,2024-11-16,S105,Clothing,179.01,10,No
T20888,C1129,2025-01-28,S105,Electronics,307.14,6,No
T20889,C1059,2025-02-16,S103,Bakery,16.93,3,No
T20890,C1047,2024-10-07,S105,Electronics,62.65,3,No
T20891,C1028,2025-02-16,S103,Bakery,67.91,10,Yes
T20892,C1096,2024-08-05,S109,Clothing,98.7,8,No
T20893,C1009,2024-09-11,S109,Grocery,232.37,10,No
T20894,C1241,2024-07-28,S106,Electronics,377.3,10,No
T20895,C1231,2025-06-22,S101,Electronics,453.24,2,Yes
T20896,C1276,2025-04-10,S107,Electronics,418.51,2,No
T20897,C1283,2024-08-23,S107,Bakery,102.46,5,Yes
T20898,C1202,2024-10-12,S110,Clothing,223.37,6,No
T20899,C1246,2024-10-14,S110,Electronics,103.71,2,No
T20900,C1289,2025-03-14,S104,Electronics,135.91,5,No
T20901,C1263,2025-03-28,S108,Grocery,254.26,7,Yes
T20902,C1213,2025-03-22,S106,Grocery,38.71,10,Yes
T20903,C1199,2025-05-20,S104,Clothing,113.0,10,Yes
T20904,C1078,2024-09-12,S104,Clothing,468.01,8,Yes
T20905,C1172,2025-01-07,S102,Beverages,235.73,7,Yes
T20906,C1068,2024-12-31,S102,Grocery,225.47,8,Yes
T20907,C1086,2025-04-20,S104,Beverages,12.21,9,No
T20908,C1100,2024-12-19,S105,Bakery,127.46,5,Yes
T20909,C1007,2025-03-26,S108,Beverages,433.81,5,No
T20910,C1199,2025-01-09,S106,Electronics,86.49,10,Yes
T20911,C1086,2025-06-04,S104,Beverages,210.49,4,Yes
T20912,C1042,2025-06-06,S107,Clothing,12.09,9,Yes
T20913,C1108,2025-01-15,S108,Bakery,241.78,5,No
T20914,C1151,2025-03-15,S102,Electronics,15.41,2,Yes
T20915,C1016,2025-06-16,S107,Beverages,410.71,10,Yes
T20916,C1132,2024-11-21,S102,Bakery,413.3,8,No
T20917,C1147,2025-04-06,S102,Bakery,394.93,7,No
T20918,C1276,2024-08-15,S108,Electronics,145.27,8,No
T20919,C1231,2024-08-21,S102,Beverages,419.43,3,No
T20920,C1227,2024-10-09,S109,Bakery,273.78,4,Yes
T20921,C1138,2025-01-28,S101,Bakery,190.04,5,No
T20922,C1210,2025-02-24,S109,Grocery,314.54,6,Yes
T20923,C1027,2025-05-13,S101,Bakery,11.11,1,Yes
T20924,C1050,2024-12-15,S110,Grocery,75.77,4,No
T20925,C1260,2024-12-07,S110,Beverages,372.44,10,Yes
T20926,C1260,2025-02-01,S102,Beverages,125.86,5,No
T20927,C1007,2024-12-20,S106,Beverages,301.01,7,Yes
T20928,C1137,2024-11-29,S106,Clothing,195.63,5,No
T20929,C1037,2024-08-17,S101,Beverages,428.13,1,No
T20930,C1110,2025-06-21,S107,Bakery,476.45,7,No
T20931,C1219,2024-10-30,S108,Electronics,442.36,8,No
T20932,C1222,2024-12-07,S102,Grocery,138.96,7,No
T20933,C1135,2025-05-19,S108,Clothing,101.11,4,No
T20934,C1255,2024-08-06,S109,Beverages,239.85,8,Yes
T20935,C1048,2025-05-23,S106,Beverages,8.63,5,Yes
T20936,C1291,2025-06-21,S105,Electronics,17.78,10,Yes
T20937,C1077,2024-12-15,S109,Electronics,278.88,9,No
T20938,C1104,2025-04-15,S109,Clothing,262.62,10,Yes
T20939,C1168,2024-11-27,S101,Grocery,497.32,5,No
T20940,C1216,2025-06-04,S103,Beverages,104.91,1,Yes
T20941,C1118,2025-02-06,S109,Clothing,132.76,9,Yes
T20942,C1189,2025-03-29,S102,Bakery,61.2,5,No
T20943,C1254,2024-11-26,S104,Bakery,459.18,6,Yes
T20944,C1265,2024-09-27,S104,Clothing,390.02,4,Yes
T20945,C1148,2025-02-24,S102,Beverages,412.06,6,Yes
T20946,C1163,2024-09-24,S103,Clothing,451.87,8,No
T20947,C1139,2025-02-10,S103,Beverages,264.83,3,Yes
T20948,C1257,2024-08-20,S101,Electronics,228.34,5,No
T20949,C1268,2024-11-27,S106,Clothing,168.54,2,Yes
T20950,C1180,2024-08-12,S108,Beverages,296.66,2,Yes
T20951,C1159,2024-08-28,S103,Clothing,229.87,7,Yes
T20952,C1287,2024-09-22,S105,Clothing,228.52,10,Yes
T20953,C1287,2025-04-05,S101,Beverages,468.78,10,No
T20954,C1225,2024-11-18,S110,Beverages,492.1,10,Yes
T20955,C1010,2024-11-25,S107,Grocery,399.26,6,No
T20956,C1009,2024-11-16,S110,Clothing,379.6,4,No
T20957,C1270,2024-08-11,S101,Bakery,341.88,5,Yes
T20958,C1272,2024-10-24,S109,Clothing,87.21,1,Yes
T20959,C1182,2024-11-25,S108,Clothing,34.26,7,No
T20960,C1152,2025-05-05,S107,Beverages,346.91,8,No
T20961,C1123,2025-02-28,S110,Clothing,365.75,9,Yes
T20962,C1113,2024-10-31,S107,Clothing,28.25,8,Yes
T20963,C1277,2024-11-13,S105,Bakery,464.39,5,Yes
T20964,C1212,2024-08-15,S105,Beverages,50.11,3,Yes
T20965,C1171,2024-11-03,S105,Clothing,146.52,10,Yes
T20966,C1287,2024-12-15,S101,Electronics,337.83,9,No
T20967,C1173,2025-02-16,S108,Grocery,89.09,6,Yes
T20968,C1112,2024-08-08,S101,Bakery,32.43,5,Yes
T20969,C1121,2024-11-11,S104,Clothing,168.92,3,No
T20970,C1031,2024-10-11,S109,Electronics,384.16,6,Yes
T20971,C1221,2024-08-17,S109,Clothing,209.77,3,Yes
T20972,C1118,2024-07-23,S105,Clothing,328.22,10,No
T20973,C1038,2025-05-24,S104,Beverages,291.91,6,Yes
T20974,C1267,2024-10-13,S103,Beverages,16.0,4,No
T20975,C1232,2025-03-21,S103,Beverages,494.33,2,Yes
T20976,C1017,2025-04-28,S105,Electronics,25.51,8,Yes
T20977,C1148,2024-07-29,S110,Clothing,484.06,4,Yes
T20978,C1148,2025-03-26,S101,Grocery,277.18,9,No
T20979,C1125,2025-04-12,S105,Bakery,481.76,7,No
T20980,C1237,2025-04-05,S106,Beverages,61.8,2,No
T20981,C1134,2024-08-11,S107,Beverages,247.75,4,No
T20982,C1150,2024-10-05,S109,Clothing,88.9,5,Yes
T20983,C1235,2025-02-03,S103,Clothing,30.23,3,No
T20984,C1223,2025-03-07,S102,Electronics,310.68,9,No
T20985,C1202,2025-01-29,S103,Electronics,107.85,5,No
T20986,C1255,2024-07-11,S109,Beverages,295.91,2,Yes
T20987,C1085,2025-02-18,S107,Clothing,60.62,3,Yes
T20988,C1149,2024-12-26,S109,Grocery,169.33,9,No
T20989,C1234,2024-09-15,S102,Bakery,391.91,7,No
T20990,C1021,2024-11-04,S105,Clothing,221.34,2,Yes
T20991,C1284,2025-01-25,S104,Clothing,315.73,9,No
T20992,C1268,2024-07-09,S102,Electronics,325.49,4,No
T20993,C1257,2025-05-11,S109,Bakery,422.66,9,No
T20994,C1028,2025-06-08,S109,Beverages,165.84,2,No
T20995,C1212,2024-07-11,S106,Clothing,345.21,10,Yes
T20996,C1282,2024-07-11,S106,Beverages,481.0,4,Yes
T20997,C1049,2024-09-06,S108,Clothing,366.47,5,Yes
T20998,C1094,2024-12-21,S106,Beverages,247.49,2,No
T20999,C1087,2024-07-01,S101,Bakery,317.21,10,No
